name ,data,name2
Angola,22200000,Angola
Austria,64900000,Austria
Bosnia and Herzegovina,34100000,Bosnia and Herzegovina
Brunei Darussalam,13500000,Brunei
Cameroon,20200000,Cameroon
china,531000000,China
djibouti,12900000,Djibouti
Dr Congo,22500000,Democratic Republic of the Congo
Georgia,207000000,Georgia
Ghana,48300000,Ghana
Greece,241000000,Greece
grenada,17100000,Grenada
guinea,37400000,Equatorial Guinea
In Tanzania,45400000,United Republic of Tanzania
Indonesia,195000000,Indonesia
Islamic Republic of Pakistan,302000000,Pakistan
Kenya,83400000,Kenya
Kingdom of Bhutan,28900000,Bhutan
Kingdom of Cambodia,29900000,Cambodia
Kingdom of Saudi Arabia,37200000,Saudi Arabia
Lao People's Democratic Republic,40400000,Laos
Libya,20300000,Libya
Madagascar,30800000,Madagascar
Malaysia,166000000,Malaysia
Mongolia,40800000,Mongolia
Nepal,99000000,Nepal
New Zealand,194000000,New Zealand
Palestine,57700000,Palestine
panama,117000000,Panama
People's Republic of Bangladesh,69900000,Bangladesh
Republic of Albania,49200000,Albania
Republic of Estonia,34900000,Estonia
Republic of India,255000000,India
Republic of Iraq,80900000,Iraq
Republic of Latvia,37200000,Latvia
Republic of the Philippines,53600000,Philippines
Republic of Turkey,180000000,Turkey
Romania,97600000,Romania
Singapore,178000000,Singapore
Socialist Republic of Vietnam,6180000,Vietnam
South Korea,195000000,South Korea
South Sudan,30200000,South Sudan
Thailand,134000000,Thailand
The Arab Republic of Egypt,144000000,Egypt
The Czech Republic,68700000,Czech Republic
The Democratic Socialist Republic of Sri Lanka,98100000,Sri Lanka
The Hashemite Kingdom of Jordan,181000000,Jordan
The Islamic Republic of Afghanistan,101000000,Afghanistan
The Islamic Republic of Iran,105000000,Iran
The ivory coast,27800000,Ivory Coast
The Kingdom of Bahrain,34500000,Bahrain
The Kyrgyz Republic,26500000,Kyrgyzstan
The Republic of Armenia,38700000,Armenia
The Republic of Azerbaijan,32300000,Azerbaijan
The Republic of Belarus,33500000,Belarus
The Republic of Bulgaria,38400000,Bulgaria
The Republic of Croatia,49200000,Croatia
the Republic of Cyprus,37300000,Cyprus
The Republic of Hungary,36800000,Hungary
The Republic of Kazakhstan,37000000,Kazakhstan
The Republic of Lebanon,63800000,Lebanon
The Republic of Lithuania,49700000,Lithuania
The Republic of Macedonia,35900000,Macedonia
The Republic of Maldives,43100000,Maldives
The Republic of Moldova,30800000,Moldova
The Republic of Montenegro,38000000,Montenegro
The Republic of Poland,87800000,Poland
The Republic of Serbia,48400000,Republic of Serbia
The Republic of Slovenia,39700000,Slovenia
The Republic of Tajikistan,24500000,Tajikistan
The Republic of Uzbekistan,21000000,Uzbekistan
The Republic of Yemen,27700000,Yemen
The Russian Federation,463000000,Russia
The Slovak Republic,18300000,Slovakia
The State of Israel,151000000,Israel
The State of Kuwait,39200000,Kuwait
The State of Qatar,62800000,Qatar
The Sultanate of Oman,43700000,Oman
The Syrian Arab Republic,72700000,Syria
The United Arab Emirates,64800000,United Arab Emirates
Togo,21200000,Togo
Turkmenistan,24400000,Turkmenistan
Ukraine,97400000,Ukraine
Union Of Myanmar,13000000,Myanmar
venezuela,47800000,Venezuela
Zimbabwe,44500000,Zimbabwe
